1449327141,184
193398869X,169
1119998956,146
1449340377,66
0321884922,50
0262033844,50
0321968972,50
1594035229,32
0735611319,30
0817636773,28
006124189X,28
0374275637,26
0932633439,26
0415873843,24
0132350882,24
0596517742,24
0465067107,24
098478280X,22
0321534042,22
0307887898,20
1933633867,20
0131103628,20
0465046746,20
1107609178,18
0596529325,18
0062060244,18
0131177052,18
0060891548,18
0976470705,18
0672329468,18
0735619670,18
159420411X,16
0195374614,16
1610392116,16
0812972155,16
0393316041,16
0307272702,16
0385495323,16
1849967202,16
0380810336,16
0136108040,16
0262560992,16
0201485672,16
0321821521,16
0521675995,16
0814758371,16
0446576433,15
0131774298,14
0671723650,14
0143122010,14
0201657880,14
0393310728,14
0312367066,14
0596802293,14
1594032556,14
1455509124,14
1594203075,14
0143036769,14
0762415339,14
0446670553,14
0201558025,14
0743280725,14
0321503627,13
159184553X,12
0123745144,12
1556526377,12
0470929820,12
0307465357,12
1400069289,12
0375423729,12
1593272200,12
3721201450,12
012375030X,12
0316113506,12
0201835959,12
014303653X,12
1848000693,12
1451648537,12
0393338827,11
0615373968,11
0061353248,11
0060005696,10
0201379376,10
0140139966,10
0521513383,10
111866146X,10
0393339750,10
0262640686,10
0525952047,10
0137081073,10
0321344758,10
0321584104,10
0195144708,10
0486284247,10
0887307280,10
0316040932,10
0387982582,10
0345472322,10
0132017997,10
0195135792,10
0312430000,10
0195105192,10
0982522738,10
0521431468,10
159420277X,10
0415476186,10
0743233832,10
0691152640,10
1400064287,10
0316743003,10
0131429388,10
0345453743,10
0553383876,10
0671792253,10
0954300696,10
0596806752,10
0805078533,10
0878301178,10
039333869X,10
0321604814,10
0262220695,10
0761147489,10
1439143137,10
0684852748,9
0674057554,9
0805829091,9
1585425524,9
0143122231,8
0521600812,8
0060521996,8
0817639144,8
039304002X,8
1594484805,8
1455883115,8
0470284889,8
098242969X,8
1430219483,8
0596100574,8
0375705104,8
0672336278,8
0446675156,8
0844742236,8
074995308X,8
069111966X,8
1449389554,8
0547386079,8
0201914654,8
0471000051,8
0596808321,8
0374285810,8
1449319432,8
1600490069,8
1589795474,8
039472903X,8
1936719118,8
0307887170,8
1568814240,8
0060556579,8
1935401009,8
0596801688,8
0787970883,8
0876120834,8
0385292163,8
0691149135,8
1118443616,8
0486409163,8
0596005652,8
0300164629,8
1593271441,8
0131479415,8
1591842719,8
0465018777,8
0826404049,8
0143120530,8
1591841666,8
0671027034,8
0321146530,8
0981690408,8
0307591549,8
0735605351,8
0672326140,8
0262162091,8
1592984762,8
0767907698,8
859037985X,8
0140250913,8
193236496X,8
1400040787,8
1416596585,8
0312185480,8
0143118447,8
0393320928,8
0307352153,8
0691136408,8
0201498413,8
1591840562,8
0521592712,8
0521545668,8
0881791326,8
1400032059,8
0061438294,8
1400078393,8
0140244328,8
0321721330,8
0136106811,8
0596517963,8
032157351X,8
1591842948,8
0345410025,8
1906860165,8
1439167346,8
0440226198,8
0521663504,7
0465027555,6
1935182641,6
0307269930,6
0230620590,6
0544103343,6
1560520442,6
1931520720,6
0582517346,6
0764579010,6
047052670X,6
1587317753,6
178032071X,6
0743266420,6
0618918094,6
1577314808,6
0061147893,6
1934356867,6
052189560X,6
1583334386,6
1118026470,6
1568989695,6
0815341059,6
0596153740,6
0321934113,6
0670022160,6
0980232716,6
0671015206,6
0714839949,6
0743228626,6
1578518520,6
0321714113,6
0099418371,6
0805063897,6
0321117425,6
0824812077,6
0452297710,6
0131480057,6
3928026208,6
0865478007,6
0321751043,6
0471200247,6
0961392142,6
0465018475,6
1400096235,6
0671739166,6
0984358102,6
0156482401,6
1903809800,6
159420229X,6
0674049713,6
0199578141,6
0393317552,6
0316037702,6
1583482660,6
1118112733,6
0984999302,6
0965510999,6
1466208686,6
032133633X,6
1591845297,6
1594485380,6
1607742454,6
0262517264,6
0387948600,6
0765808684,6
0321503619,6
0321334876,6
1430242787,6
1617290181,6
0415150329,6
1556524838,6
0345442318,6
0307279391,6
0007350740,6
0070248826,6
0979303605,6
0385267746,6
0123705916,6
0830817743,6
032188728X,6
020161622X,6
0195019199,6
0691118809,6
012383872X,6
0321193857,6
1583334068,6
0465097200,6
0914098918,6
184951030X,6
0521377099,6
020163354X,6
1400067820,6
1880115107,6
0596510047,6
0679738061,6
0520066103,6
0262533057,6
0393929728,6
143023024X,6
0226311260,6
1933988495,6
0307474259,6
0451228731,6
0061673730,6
0321127420,6
1841151866,6
055380684X,6
0684852861,6
0142003344,6
0321842685,6
0814334555,6
0321492668,6
1556159005,6
0486240614,6
0471056693,6
0321356683,6
1572243759,6
1568814135,6
0321706285,6
1933988924,6
113318779X,6
047012167X,6
0073523402,6
0374533555,6
0452281326,6
0201704315,6
0552774065,6
0743217349,6
0596101538,6
0321774639,6
0887309895,6
0201634481,6
1430238372,6
0071784225,6
0452267560,6
0735627045,6
0982565844,6
0321811984,6
0671880764,6
0805091254,6
0321150783,6
0802716040,6
0812975219,6
053494728X,6
0982761007,6
1590597141,6
0470170778,6
0321563840,6
0262062798,6
1422121038,6
1244213063,6
0385514352,6
1400063515,6
0201702452,6
0387245448,6
0395938473,6
0807047139,6
0136006639,6
0465026567,6
0226899152,6
0441020348,6
0201799405,6
020161586X,6
1400033462,6
1596914521,6
0395631246,6
0670025291,6
1594202273,6
1878424319,4
1592530079,4
0932633366,4
0028740181,4
0521644089,4
0226468011,4
1467933120,4
0123860016,4
0199252939,4
0134841891,4
0596805527,4
1593851286,4
0618784608,4
0674055462,4
0471976970,4
0765348276,4
1449379702,4
0072465638,4
0671019112,4
046501867X,4
0446690686,4
0300172311,4
156224003X,4
0929823087,4
0716732505,4
1449304680,4
052168689X,4
1582342903,4
0321349601,4
0198539789,4
0061771295,4
0156027321,4
1592407463,4
184529825X,4
1594488843,4
0307951529,4
0979777747,4
0486425649,4
020187735X,4
1558601910,4
0380715430,4
0571279635,4
019922837X,4
0060155280,4
6201519254,4
0735201978,4
1886978042,4
1107031257,4
1594486514,4
0470928077,4
0061694940,4
0393329895,4
0977657205,4
0596100167,4
0132126958,4
0470080248,4
0813330858,4
0976863308,4
1250010454,4
0805071660,4
052156543X,4
0393072223,4
0761129235,4
0982406207,4
0394733312,4
044651909X,4
1605291838,4
0802137296,4
0201633620,4
0321659368,4
0486266397,4
087584863X,4
1594201501,4
1591844924,4
0896081311,4
0451149165,4
0691116245,4
0262024667,4
0123725380,4
0425190455,4
0521835402,4
0809058405,4
0060517123,4
0521614104,4
0307390993,4
1449388396,4
0596802358,4
1118008189,4
0786303158,4
3836544717,4
0321336313,4
1449323391,4
0262510871,4
013089592X,4
0345409469,4
1594203008,4
0918024765,4
0525947086,4
0814472109,4
1416507787,4
5699558330,4
1449302149,4
0878930892,4
0385419945,4
1936365537,4
0201633612,4
0834800799,4
1613823789,4
1449316646,4
0674048067,4
0811901815,4
1566091594,4
013215871X,4
0747549478,4
0321601661,4
0140268863,4
0875848192,4
1591844355,4
0345337581,4
0691120676,4
0201634953,4
0596529260,4
0071771328,4
0143122797,4
1439170916,4
0974670103,4
0060512806,4
0671201581,4
1449360726,4
0679602615,4
0495011606,4
087584877X,4
0385531680,4
0672329166,4
1613822421,4
0062229257,4
0811853683,4
157284101X,4
1935504053,4
007038360X,4
0691125759,4
0691138737,4
0195168038,4
0140297863,4
0672325675,4
1849510288,4
0387903623,4
1400040922,4
0143113208,4
0029356717,4
0133957241,4
0973864966,4
0300188226,4
1591845637,4
0714843377,4
1591843758,4
0307346617,4
1439148813,4
0615487661,4
0262150395,4
059035342X,4
1564144984,4
0486247759,4
068486780X,4
0449207862,4
0534950973,4
1841157910,4
1937007669,4
1413316220,4
0321623215,4
0099512688,4
3642008550,4
031258377X,4
1430210788,4
0547737394,4
4797328355,4
084994645X,4
1608193411,4
0307381277,4
1590598385,4
0387952896,4
0071496025,4
1430236051,4
0486678709,4
098278970X,4
0684853949,4
9563040562,4
4871878309,4
0471380237,4
0393329011,4
0465091180,4
0375424040,4
1880673851,4
1468152106,4
0262731541,4
0452287448,4
0446698202,4
0521437881,4
0689121350,4
0674035445,4
1594630380,4
1441908765,4
1558607234,4
0816031789,4
0066620767,4
0679736220,4
1932511911,4
0679758941,4
0060932902,4
1430232374,4
4774146129,4
159059844X,4
1935182595,4
0789723107,4
0321670094,4
0749307846,4
0672329786,4
144952849X,4
1935182684,4
0764142402,4
0743455967,4
0199606501,4
0451147952,4
160598129X,4
1849513066,4
0961825170,4
1875989285,4
0262032937,4
0141008350,4
0743296281,4
0670023329,4
0471164836,4
0307463745,4
030746363X,4
0521562473,4
0596007191,4
0802717373,4
0449004392,4
1591797306,4
1452108226,4
1250013836,4
1118063333,4
0321683919,4
0973864907,4
1439201013,4
1449377440,4
1416918345,4
0141000511,4
0881792063,4
0739083236,4
0937363413,4
0805033173,4
080271529X,4
0596514808,4
1856697274,4
0195079930,4
0099541726,4
1576754227,4
0984380213,4
0226014673,4
0465086454,4
0199233217,4
067232704X,4
0465022529,4
0262162288,4
143021936X,4
0321637739,4
0817634622,4
0300122233,4
0465050743,4
0452295467,4
0452288444,4
0759285780,4
0674040759,4
1593274246,4
0393979504,4
0199746885,4
0123749425,4
0892833815,4
0345496612,4
0465023827,4
0321437381,4
1591844495,4
0321774094,4
149759975X,4
0071752854,4
1586481592,4
0226304426,4
1572304510,4
0521556449,4
124253895X,4
4774146102,4
0575081740,4
0470275847,4
0143118765,4
0374168237,4
1565113942,4
0131852922,4
039370789X,4
4798017396,4
1934356549,4
1591840813,4
0393340244,4
1933988657,4
1594630739,4
0743271734,4
0679778314,4
0471048852,4
1422119157,4
0525218009,4
4798121134,4
0982337531,4
0253202191,4
0201100886,4
1558499997,4
0471714399,4
0786716711,4
0553562835,4
0321213351,4
059651624X,4
159184570X,4
8848125956,4
0201895420,4
0716703637,4
0672329387,4
1864033282,4
0143036270,4
0071635238,4
0742516857,4
0521568234,4
0670022950,4
0805086919,4
0670021644,4
0201543303,4
1400078911,4
0131872486,4
0471289280,4
1848139926,4
0321125215,4
0060652926,4
069111742X,4
0061474096,4
1461178185,4
1448676290,4
013937681X,4
0914153102,4
4906574319,4
1451683405,4
0538453052,4
0307277194,4
193435659X,4
3836517752,4
0871564378,4
0345528581,4
1441930620,4
0061339202,4
0887306667,4
020107981X,4
0470618299,4
0802130623,4
0965603679,4
0321295358,4
0312367074,4
1861002416,4
0553283685,4
0123750792,4
0596805829,4
014311526X,4
0316219266,4
0070004846,4
0465016901,4
0201548348,4
0201441950,4
4889960724,4
0307387895,4
0596009208,4
1561840564,4
0140261494,4
1590305450,4
1598130447,4
0321711394,4
140004684X,4
1578202140,4
0071622101,4
0670034665,4
0857662163,4
0385479506,4
1770460608,4
0826106293,4
0262561271,4
0137012519,4
1603580557,4
1449394701,4
0857027581,4
1884829988,4
0262510375,4
1575860082,4
1430262508,4
0307269191,4
0801854148,4
0321399528,4
1592403662,4
1439819890,4
0470229055,4
0300136846,4
0136042597,4
1846687845,4
0746001622,4
1453632891,4
0751300500,4
0898621283,4
1400158389,4
1583332383,4
1933988789,4
0470290633,4
0471578053,4
0671888250,4
0679763996,4
0192853619,4
0449213447,4
0979477018,4
0307720950,4
184708141X,4
0321965515,4
0674050541,4
1118143302,4
1590282418,4
0201517973,4
0956174019,4
031600538X,4
1590305841,4
4797361204,4
145157827X,4
1610391063,4
0143113453,4
0297777629,4
0316769487,4
1593274092,4
0271014415,4
0521199565,4
1400034094,4
0486417093,4
0143118056,4
0767900464,4
0671015702,4
0521692695,4
076454280X,4
0230105017,4
054402883X,4
0547416997,4
0801968992,4
0525953205,4
0787967653,4
1612190405,4
0609610570,4
0321812182,4
0465030912,4
0060555661,4
0679776311,4
0307341445,4
1596930632,4
0575082097,4
0307266303,4
1598693808,4
0525951113,4
1605981109,4
0470331887,4
0123708966,4
0226365530,4
0385528752,4
0143118757,4
1430246502,4
0465037712,4
0486449939,4
1905026358,4
184354525X,4
156205810X,4
0765329085,4
1596914696,4
0571195253,4
0743235274,4
1612191290,4
1420082795,4
0989200507,4
0472065211,4
1402211864,4
0316881465,4
0321657292,4
0701181451,4
0812992180,4
0815749422,4
0374518734,4
0553804723,4
0201179288,4
0123694469,4
038548562X,4
006097771X,4
0140296476,4
1586172794,4
0312362919,4
0553382950,4
0747583692,4
0201398559,4
0470876417,4
0321416910,4
0898598591,4
0393330338,4
0314204547,4
0750676183,4
0321703537,4
1609611543,4
1578644283,4
0870334336,4
0199919755,4
0135482712,4
0738211702,4
1451663889,4
0262633086,4
0307352145,4
1451523343,4
1564149412,4
0765356864,4
0123747503,4
0060197765,4
0262140888,4
0198568320,4
0123820227,4
012088478X,4
0465016197,4
0307887448,4
081913869X,4
0140280170,4
0452281806,4
020170353X,4
0884270610,4
0199744505,4
1595230769,4
0471152803,4
0060956437,4
0470008741,4
0767905385,4
125000084X,4
0596154577,4
0910077002,4
0802863833,4
1594743347,4
0393325350,4
0452287685,4
1570618232,4
0321455363,4
0786884061,4
1118105087,4
0262133601,4
0321811909,4
0691004129,4
1568810326,4
0131018167,4
0321482751,4
023010486X,4
1578516730,4
081269385X,4
0292706383,4
1936608588,4
0596516177,4
055338371X,3
0938045768,3
0985452307,3
0988127903,3
0875845851,3
0671880748,3
0805090908,3
0140178244,3
1935928155,3
0385176155,2
0743203151,2
0970978863,2
1591842808,2
0399529306,2
0898714540,2
1933633328,2
1449309968,2
156025856X,2
0262560704,2
1416584412,2
0767928067,2
0743203399,2
0316206644,2
0907259308,2
1935202170,2
1451659253,2
1596432594,2
1849052832,2
0471223573,2
0674026063,2
1400067480,2
0380811960,2
1592531253,2
0521576814,2
015101406X,2
007038133X,2
0679743898,2
0123704901,2
0134340019,2
1568490151,2
0316069884,2
1857880870,2
0898622239,2
0307378217,2
9552401356,2
0471782661,2
0670899763,2
0471527270,2
1893554120,2
1851687823,2
030788743X,2
0071794565,2
1558604979,2
0446343129,2
1611250080,2
818593195X,2
0465054684,2
031610728X,2
0767920090,2
0470018666,2
0521274354,2
1933929936,2
0306457822,2
0072290455,2
1590515072,2
0890935475,2
0761123695,2
0195143817,2
0571179959,2
0521285100,2
0679454438,2
0307720462,2
0892819278,2
0743250451,2
4906574467,2
0132354764,2
0226511987,2
0553273817,2
0143117009,2
0814413048,2
0873640217,2
1449327680,2
0970265107,2
0399532870,2
0393316823,2
0691023727,2
031242759X,2
0962660523,2
0140257314,2
1401324932,2
0061543675,2
1580082025,2
0898625319,2
0131997467,2
1435710274,2
0855206616,2
0470022981,2
1935182323,2
1596063173,2
1118024516,2
0385525761,2
1592401406,2
0374203032,2
0321549252,2
0195179587,2
1430230576,2
0520256093,2
1879706709,2
1936420228,2
0393345831,2
0066620724,2
1845291743,2
0262193388,2
031242602X,2
0486432238,2
0465005454,2
0812967267,2
0321767535,2
1449433251,2
0674411528,2
0465028020,2
0316796883,2
0300082827,2
0609804669,2
0943748259,2
032111230X,2
0385351399,2
1933988312,2
0385676514,2
0226238350,2
1885119534,2
0122796713,2
0140512497,2
0973864990,2
0285638033,2
0335201091,2
0753813920,2
1559501197,2
0385533853,2
0375706208,2
0898031702,2
0387960783,2
1591846013,2
0321635361,2
0199263396,2
0321822137,2
014242417X,2
0060734809,2
0262693585,2
0316845183,2
1430239069,2
0887308813,2
0385530609,2
0201608421,2
0465015360,2
0192854178,2
0802137946,2
0913571032,2
0307476898,2
0192880519,2
0521879965,2
0761142908,2
019537410X,2
1849512566,2
1589944607,2
0688176496,2
1882580478,2
0830647384,2
0566086654,2
143022889X,2
0201310058,2
0679643524,2
1930190867,2
1887128905,2
0195382757,2
0710629559,2
0802775802,2
059600527X,2
0201733862,2
0470379200,2
0805080112,2
1449305024,2
1475071965,2
0064430227,2
1400052181,2
0201608642,2
0132091518,2
0743222091,2
1849010714,2
184767769X,2
0743528662,2
0471062596,2
0615184618,2
0812694120,2
0198565763,2
0812536363,2
0821828479,2
1455520020,2
0262692341,2
047051860X,2
1439190976,2
0684824140,2
0750700505,2
0470824948,2
0517149257,2
0813339189,2
0335221165,2
0962813702,2
0871135671,2
1603800859,2
0262062666,2
0141013516,2
037550298X,2
1933056770,2
0679762892,2
1581105517,2
0226100871,2
0887308589,2
0142005126,2
0471036005,2
0802822193,2
1422176754,2
0735539693,2
0375758844,2
0814471684,2
0618257608,2
0201544288,2
0714510580,2
1862077827,2
3540221395,2
0201309742,2
0738203491,2
0593066804,2
1118130278,2
1931382433,2
0195014766,2
0553375407,2
1400063353,2
006052085X,2
1587620685,2
1608193942,2
0756628679,2
1439190755,2
0976268604,2
0470469080,2
0824831640,2
0552125555,2
0470432861,2
0684857219,2
1567510604,2
0873648234,2
0399529950,2
0764574817,2
0006860796,2
1597492159,2
1439810311,2
0062730975,2
0131209655,2
0321440307,2
067974195X,2
0470567023,2
059651798X,2
0571514561,2
0684839911,2
0804754403,2
032194206X,2
0670921602,2
0312427433,2
0131862391,2
0307956644,2
0672305623,2
0066620821,2
0395957915,2
0307389006,2
0262731428,2
1400034922,2
075640407X,2
1844676668,2
0375705090,2
0060520736,2
0071799664,2
1449303714,2
0738206679,2
1416553657,2
038553082X,2
0131873253,2
0670373958,2
052171401X,2
1595890025,2
0446310786,2
0131482025,2
0691158193,2
1861977891,2
0596158068,2
0521136091,2
0117037400,2
0393307387,2
0486425657,2
0446691313,2
0738200328,2
0262101068,2
0465028012,2
1451654960,2
0887308554,2
0201309831,2
0486257789,2
0743225805,2
0979985900,2
0393966518,2
0465073514,2
0387310738,2
1592404197,2
0753807033,2
0691142335,2
1495242218,2
0073398101,2
0596802447,2
155860510X,2
1594202850,2
0802714315,2
0977671585,2
1594488126,2
1601630417,2
0596157118,2
1590710037,2
0321804333,2
1593272073,2
0471694665,2
077043715X,2
023074429X,2
1878739441,2
0984505873,2
0982290039,2
1558604677,2
0199794006,2
1593156391,2
0195133323,2
0716737418,2
0130888931,2
0061977969,2
1439127700,2
1568814690,2
0547248164,2
074320011X,2
0312965338,2
0060924306,2
0674012046,2
0120417529,2
0306441292,2
0471457329,2
0375726624,2
1854797778,2
0679644334,2
0805080120,2
0465006965,2
0671671642,2
0877958904,2
0307389731,2
1933665467,2
1451637721,2
3492230504,2
1400080495,2
0393061329,2
0321842847,2
0674808215,2
1875671110,2
0962516112,2
0156033909,2
1851689656,2
0028018370,2
0571190472,2
1770410724,2
013507245X,2
0321735625,2
0801883601,2
0875848745,2
0525952098,2
140314446X,2
1932597417,2
0981286704,2
1931520003,2
0307279189,2
0393324826,2
0672318350,2
0071434720,2
0312929870,2
0670031518,2
8441523177,2
1591844215,2
158240870X,2
0070049084,2
0312141041,2
0061703613,2
0521430798,2
0387008578,2
0879191317,2
1558601902,2
0596003307,2
0465026427,2
0688014291,2
1591843979,2
0470084111,2
0262632950,2
0783891369,2
0262525003,2
0123822173,2
0131499084,2
919755538X,2
1553654064,2
0521153565,2
0387942858,2
3836217384,2
0670033375,2
0132413779,2
0596005733,2
1934356980,2
0945999429,2
1449365760,2
0789751135,2
0691135665,2
1449301959,2
0802831621,2
3721200438,2
0321902947,2
0815607555,2
0321733452,2
1429205776,2
0393329852,2
0195002660,2
0932633013,2
1429233435,2
0787963852,2
0932440657,2
0321197844,2
0394531892,2
0679747885,2
0195132408,2
0306819112,2
0385517920,2
1556226349,2
0672303426,2
0387402721,2
0123814855,2
0399159967,2
145160811X,2
0091906814,2
0201756080,2
0868405655,2
0321489829,2
155738486X,2
1878067583,2
1600854923,2
0136375391,2
1449305172,2
1442202068,2
0486248232,2
1400032016,2
0471117099,2
0805092633,2
0307452417,2
0143120077,2
0375409297,2
0684825546,2
0521017076,2
1565924533,2
8862931921,2
013590126X,2
184951514X,2
0321942051,2
1845132939,2
1591843162,2
1441971785,2
0670844306,2
1402783604,2
1430237473,2
0521787807,2
0812977564,2
0060925728,2
0471648493,2
0195380401,2
1608194019,2
0374528373,2
0684801280,2
0143112724,2
0452282772,2
0860915883,2
0441014151,2
0470632011,2
0738202967,2
0312320655,2
0465025501,2
0805067892,2
1592402038,2
1449316247,2
0805072543,2
0684849577,2
047004392X,2
0262201623,2
0894805959,2
0262681218,2
0471044091,2
0330523597,2
0486234002,2
0387900926,2
0787960756,2
081297381X,2
0393049345,2
0805418350,2
0684841991,2
8120340078,2
0471375233,2
1416596186,2
0688103863,2
0345518780,2
0982207786,2
1400032407,2
1401308775,2
0879838167,2
1439102120,2
1118061144,2
1599184001,2
0874772060,2
1893361934,2
0330523627,2
1422133303,2
1849511268,2
0596158106,2
0763772232,2
0945001533,2
0470122137,2
0007477333,2
0316081051,2
1443412732,2
0812977645,2
8493945048,2
0195311841,2
0821839519,2
0143121235,2
0553293354,2
0805078045,2
0306805286,2
0262140535,2
1592537413,2
0198520115,2
0201134381,2
0451207777,2
0321741234,2
0470565527,2
0345341848,2
0525952535,2
0316919160,2
0262041944,2
0470130652,2
1452637180,2
0262133210,2
0195121198,2
0613685725,2
006097625X,2
1430230037,2
0136067123,2
0262523868,2
060961021X,2
0671750615,2
1934053295,2
1416526153,2
0534359450,2
1849960917,2
0915299143,2
0192862154,2
0345466330,2
0300078153,2
0226425932,2
0131118927,2
0689856717,2
0321570561,2
0201548550,2
0312330537,2
0521123909,2
1608193381,2
1400097975,2
0812515285,2
0966917863,2
0262600234,2
0374299277,2
0873649435,2
1594202052,2
1846142733,2
0143117467,2
0553383124,2
0131856626,2
0486498204,2
0136123708,2
0061142662,2
0143122029,2
0976805421,2
0743297334,2
3642096816,2
0761135936,2
0393319679,2
0452276438,2
1562828398,2
9552401364,2
0945999380,2
1568985819,2
1430230908,2
0631221611,2
1594481946,2
1560258551,2
0061809500,2
1461120705,2
0385494785,2
159240328X,2
0743290313,2
1591842980,2
0679754334,2
1461407141,2
0883853221,2
0140286802,2
1422394115,2
0805331700,2
1434829014,2
0672335751,2
1935052330,2
0976458705,2
0814311156,2
1577315936,2
020139829X,2
0983723605,2
0747553556,2
0125586302,2
0345803485,2
0789400901,2
0375404031,2
059600284X,2
030759596X,2
1594483493,2
0879518685,2
1566635055,2
0691141126,2
1585101850,2
0143116800,2
0345428897,2
1422101797,2
0938567373,2
0618155872,2
0470725222,2
0231033028,2
0123694965,2
0974458902,2
0374512973,2
1594488428,2
0195117980,2
1594202540,2
0672306557,2
1587050412,2
0684130432,2
0691149097,2
1586486942,2
0446529117,2
0072899050,2
006105481X,2
0226841510,2
093158034X,2
0307590615,2
1463665482,2
1934356050,2
0465019668,2
144937980X,2
0806132809,2
0312308655,2
1420067184,2
0596100329,2
0316068225,2
0964696959,2
1586488813,2
0387158707,2
0805385665,2
9186177095,2
1575862158,2
0307985989,2
0387941029,2
1596916435,2
0345410084,2
1904435572,2
0262033380,2
1566379873,2
0321444426,2
9814239232,2
0066620996,2
0060523794,2
0743277015,2
0879757566,2
5010020106,2
048667164X,2
0026155001,2
0857282522,2
0195123875,2
0964350432,2
0374515980,2
0631188851,2
0143114956,2
0553562614,2
0380771411,2
0465002048,2
1893958701,2
0133708756,2
0393309347,2
1422126692,2
0143121332,2
0883854457,2
0521870887,2
0857501135,2
1932907351,2
0671708821,2
1449389694,2
0738205184,2
1782178082,2
0470528060,2
0708317170,2
1449316387,2
0387367861,2
1455165840,2
0735665877,2
1590593715,2
1934941425,2
0071632891,2
0062203126,2
0140268456,2
1586489380,2
0195067541,2
027597510X,2
1850328501,2
0738201421,2
080213422X,2
0970601980,2
0226468046,2
144196052X,2
0307278298,2
1878257749,2
1847921108,2
0073404772,2
1844678830,2
3593382318,2
014013624X,2
1568810822,2
1400067103,2
0201385953,2
0465043577,2
4767410355,2
1594481717,2
0521585198,2
0931988624,2
9626343095,2
0596529309,2
0070070156,2
0470650265,2
0141040777,2
1118065727,2
1612060919,2
0688060129,2
0198518897,2
1568817231,2
0805082115,2
1593273894,2
0387955011,2
0756656230,2
0764577328,2
0312330529,2
1598295969,2
0387759352,2
0091947464,2
0465013627,2
0374227349,2
0907259340,2
0060554738,2
0521635039,2
0471237124,2
0123846544,2
0143036580,2
0553585975,2
0071613749,2
0201102382,2
0195073479,2
0387982345,2
0316548189,2
0937175838,2
0199205647,2
0071771336,2
0805078614,2
1416587098,2
0805087265,2
0819568317,2
1591846447,2
0826345557,2
0321797094,2
0321486811,2
0471237345,2
0471059706,2
1590302486,2
0143115766,2
0062102419,2
0691019789,2
0525951601,2
0374292884,2
093738139X,2
089745071X,2
0691008825,2
0195210433,2
0984548203,2
1593273843,2
0544027078,2
0465090907,2
0691121354,2
0735598266,2
047003937X,2
0609805975,2
0385523912,2
0691027951,2
0132296381,2
0679457526,2
0538497815,2
0226028550,2
0743226755,2
1592535879,2
0387215190,2
0895553198,2
0141044586,2
0321832078,2
0070004684,2
1558604111,2
0743225058,2
0062122606,2
0914845497,2
0525204954,2
0321617657,2
0815721900,2
0470919000,2
0735648735,2
0451232690,2
1555520227,2
1936891026,2
1590597893,2
0061121363,2
0321552628,2
0679734163,2
0143120271,2
0521848997,2
1449314287,2
0783114222,2
038069977X,2
0672325667,2
3836219255,2
1897299214,2
0230202500,2
0374480095,2
0262580977,2
0061120561,2
1479274836,2
1461406064,2
0765317583,2
0061133841,2
0205571956,2
0316880620,2
0295976136,2
0553380397,2
1574882236,2
144932357X,2
0752874845,2
2203009144,2
0123742641,2
0226950018,2
0750687061,2
0140230122,2
0345300556,2
0470051248,2
0393316734,2
1439164983,2
1606690000,2
0395977223,2
0195336690,2
0738866229,2
0761149465,2
0385484917,2
0312863551,2
0521406498,2
0062040898,2
1560255927,2
0198292279,2
0553816721,2
0811854426,2
0931948770,2
1607960192,2
0671768123,2
1400050219,2
0743269519,2
1905785674,2
0300065183,2
1416596232,2
0486204294,2
0736066926,2
0060160209,2
0195336674,2
1617290572,2
0471360902,2
0132143011,2
1590308492,2
1594200882,2
1560007044,2
0575082720,2
3642158463,2
1591792576,2
1585428817,2
0761171673,2
0672316498,2
0123944244,2
098146730X,2
0199537194,2
0141321024,2
0618001905,2
0553299611,2
1591840260,2
0060542330,2
0716752379,2
1886801487,2
0936279001,2
0440509017,2
1590597664,2
0704380463,2
0130258784,2
073520019X,2
1616144831,2
0596006101,2
0201105152,2
0804738718,2
1934356557,2
0521040493,2
1880115026,2
0061708771,2
0837616867,2
0470580097,2
074327704X,2
1449358063,2
1400060958,2
0801490626,2
0547483163,2
0470539399,2
0553213237,2
0830738371,2
184668384X,2
0717129373,2
014303622X,2
0495110817,2
0982280920,2
1844675688,2
0374175349,2
0596521472,2
0767917375,2
0375727523,2
0674843924,2
0387979301,2
159448385X,2
013303917X,2
0804831866,2
1591397642,2
2884490477,2
1935396307,2
0883855453,2
0762402490,2
0007116454,2
1847196780,2
0674171039,2
0062116924,2
1846289696,2
0300111622,2
0735711836,2
0470444665,2
1934356786,2
0307386120,2
0471467316,2
1591843294,2
013191958X,2
0140280197,2
0262016575,2
0936070498,2
1906768358,2
0674060369,2
0571225233,2
0823077233,2
0830626921,2
0262122634,2
1481978357,2
0195313984,2
0307460851,2
1846688914,2
076453226X,2
0442254156,2
0465014003,2
0804783772,2
0306818469,2
0201703394,2
1616283998,2
0553574752,2
1478355824,2
0316013137,2
0307957241,2
0743246268,2
1455875724,2
0596102356,2
0961392118,2
0735710902,2
1588801497,2
0521680433,2
1568810768,2
1578262844,2
0882405136,2
0544002318,2
0060953500,2
0618658254,2
0393978397,2
1576104699,2
0615314465,2
1444756699,2
1581604319,2
0131315099,2
0596523696,2
0486661032,2
1410427927,2
0938256971,2
1608190838,2
0380570009,2
1847573932,2
030909738X,2
0887309704,2
0060898771,2
0393330435,2
0679734155,2
1593274076,2
1859848974,2
0307377334,2
0125475705,2
0061174300,2
0143116177,2
0671657135,2
0446557684,2
2212134347,2
0495562025,2
1580083102,2
1847538177,2
0812968255,2
1400077303,2
0465028616,2
1566081068,2
1932111972,2
0140081879,2
0571218377,2
1845293746,2
0809224380,2
0910707561,2
0199559120,2
0962741892,2
0471745030,2
0070151164,2
0743510119,2
0471295639,2
0691148643,2
1580420826,2
0521674530,2
1939578094,2
0807133132,2
0521797071,2
0465024939,2
1451651686,2
1466560010,2
0143034693,2
030012385X,2
0451148452,2
0030259517,2
067973869X,2
052103311X,2
0071545212,2
0807022004,2
0465028292,2
0873648943,2
071677108X,2
1133309992,2
0321804112,2
1893115941,2
1451654421,2
1590592395,2
142219602X,2
048624895X,2
031256984X,2
0470563761,2
076790432X,2
0521887186,2
0195336119,2
0262062186,2
156858394X,2
0143121359,2
0743262174,2
1880448580,2
193435614X,2
1882419669,2
0205609996,2
1439102112,2
1571743170,2
1556152116,2
0415963095,2
0470401427,2
1453798765,2
1591846528,2
1857992911,2
1439101655,2
0521424267,2
0201537710,2
0199585598,2
0140157352,2
1591793599,2
0201362988,2
1594774021,2
1401309704,2
0061687170,2
0764579088,2
0025281607,2
1402788290,2
0070158401,2
0945053290,2
0738201448,2
0452284392,2
0743291263,2
0470299126,2
0452288118,2
0521009626,2
0553277375,2
0071460519,2
0375507256,2
0446691437,2
0393079422,2
0452266068,2
0470924675,2
0596006489,2
0140259953,2
1452863466,2
1780321414,2
0964042908,2
1459638697,2
0743491548,2
1593272898,2
0071592083,2
0743264487,2
0964928418,2
0738208019,2
0719568447,2
145153082X,2
0262610744,2
0307951790,2
052138673X,2
0201113589,2
1578260558,2
073571410X,2
1432732153,2
0155510053,2
0966446127,2
1118422147,2
013143635X,2
1596448318,2
0596009763,2
0915463733,2
1558605398,2
0393004597,2
0374270937,2
0071485473,2
0618056998,2
1118176286,2
0310209307,2
0060977604,2
0345481399,2
0395615569,2
0816656878,2
0547237723,2
0596805888,2
0929173112,2
1849510369,2
0486295540,2
0743203267,2
0020653204,2
041577487X,2
0140290117,2
0857500007,2
0143036971,2
0441528139,2
1576754553,2
080508147X,2
0945001010,2
0674034805,2
841522334X,2
0393090094,2
0740763660,2
047047453X,2
1558603484,2
1610660242,2
0393315703,2
1400052688,2
1851682732,2
3540921443,2
0156141507,2
0028740238,2
1568987021,2
026214087X,2
1933988665,2
0385721706,2
038744615X,2
0201633922,2
080539592X,2
0470639539,2
1436332273,2
0137903871,2
0195825152,2
8125931864,2
0125662513,2
026269283X,2
1580083595,2
0870403869,2
0028722213,2
1568811683,2
0465031471,2
0470127104,2
0495116572,2
0517565641,2
1452658145,2
0753541092,2
1609184963,2
0764569597,2
0684822881,2
031229137X,2
1451626657,2
0449208133,2
0691083886,2
1438253273,2
0137142528,2
0321193679,2
0684864630,2
0761148515,2
0826327982,2
1463750358,2
0123736129,2
1935149342,2
1416537902,2
0672327627,2
0679757473,2
0299166740,2
1434407004,2
0982402252,2
1610390717,2
0671211382,2
1470882183,2
0976443716,2
1888009233,2
0441519024,2
0330513613,2
1593271050,2
1782161821,2
0452287472,2
0262121387,2
0936070110,2
0821852604,2
1400082463,2
0521865719,2
157421327X,2
0876780893,2
0268025827,2
0205313426,2
0743291255,2
1558608486,2
0465001041,2
1590514831,2
0321558146,2
0684813785,2
0387779558,2
0198562527,2
1118290275,2
0684870568,2
0316372617,2
1591843634,2
1593274483,2
1442349107,2
047050949X,2
1861976313,2
1934356735,2
143022925X,2
039331071X,2
1400031702,2
0071664939,2
1590172167,2
0307387844,2
086547897X,2
0465085989,2
0596101716,2
0195030850,2
0495158631,2
0674017722,2
0814416241,2
0830827196,2
048642555X,2
0123814790,2
0071401946,2
1590209745,2
0547391404,2
0470677937,2
0803266278,2
0674005325,2
0672324539,2
0521775264,2
0062206192,2
088385614X,2
0140240845,2
0520272919,2
0679752552,2
1605294578,2
1605297852,2
9814327549,2
0618689354,2
0805833781,2
8883704940,2
0201604787,2
1580087736,2
0317905597,2
0984679871,2
067401832X,2
1848168632,2
1555520537,2
1880656183,2
0070602816,2
0970284691,2
0307389073,2
0674063481,2
3642060528,2
0465051359,2
1583225811,2
007143240X,2
020162236X,2
0984547800,2
0679736395,2
0307730700,2
0061964395,2
0374519323,2
0582057523,2
1591845556,2
8862935609,2
1878424114,2
0486200973,2
0230622720,2
0321498054,2
0595142362,2
1400077796,2
1595581030,2
0679745408,2
0679774009,2
0749953357,2
0836204387,2
0833042270,2
0143113100,2
0131484109,2
1118199553,2
1430232285,2
0201567512,2
3639190130,2
0307408841,2
0521893127,2
0679746749,2
0870110799,2
0394703251,2
1439156816,2
0553374842,2
0684832674,2
1934356476,2
888370102X,2
0201734168,2
1455506761,2
3540006788,2
0198556454,2
0807751626,2
0804819572,2
0960191046,2
1558605703,2
0697215938,2
0425161749,2
0262515520,2
0801483980,2
0140500480,2
1591844606,2
1400033861,2
1451676581,2
0471980196,2
143917122X,2
0300164556,2
0970579519,2
0810457539,2
0316036137,2
0830827684,2
1591842891,2
0465031463,2
0976694018,2
0385489757,2
1597265799,2
0805080686,2
0912986212,2
0143068644,2
3421046581,2
0471289299,2
0321765559,2
0195189779,2
0821847813,2
0385260954,2
0593046498,2
1455884391,2
0674030826,2
0972652922,2
0761167013,2
0307347311,2
0321525655,2
0295989521,2
0307377350,2
0425081028,2
1591843251,2
1934356379,2
0385529953,2
1583484906,2
0967584418,2
0553347594,2
0393972186,2
0156011603,2
1107002788,2
0972382909,2
0471000078,2
031603374X,2
193149858X,2
014200135X,2
0262240394,2
0738213136,2
0471099554,2
1449309070,2
0345487133,2
1608453421,2
0935127380,2
1250033292,2
1573225037,2
0141312122,2
1562762591,2
0071347852,2
0262611465,2
1403945519,2
3908497426,2
1844676935,2
0201544350,2
0374219079,2
0133147096,2
0066620422,2
0486445305,2
0192804774,2
184890066X,2
067232878X,2
1861978774,2
0452285216,2
0520248392,2
0078034760,2
0471288721,2
080507774X,2
0375726268,2
0679743464,2
0060840978,2
0805075593,2
0742561682,2
007142783X,2
1593274238,2
0387900934,2
1891686003,2
8496614905,2
0451460413,2
067179437X,2
0764121812,2
0672328674,2
3540665692,2
0070313202,2
1400032717,2
0060935502,2
0962442321,2
0060516402,2
0060505915,2
0767916255,2
0471433349,2
0300186304,2
0976694042,2
007054235X,2
0818677392,2
0387986502,2
020162687X,2
0136619010,2
0673386023,2
1853753769,2
1563472406,2
1584351047,2
1595586830,2
039331152X,2
1476731713,2
0922915970,2
0982248504,2
1449324010,2
0198293577,2
1617290173,2
0136291554,2
074943578X,2
0316788902,2
013359162X,2
1575861623,2
4898150314,2
0230603742,2
0982955243,2
0756404738,2
0141041331,2
0393082067,2
0061120669,2
3764339144,2
1873200137,2
1481077570,2
0807001228,2
0299234541,2
0123744938,2
1583483152,2
1591844835,2
0935218084,2
0226254518,2
1905303653,2
1612480861,2
1576875776,2
1594631239,2
0195030826,2
1423488466,2
0975507214,2
0307388409,2
0345468651,2
0307273601,2
0672315238,2
0691048231,2
0387026207,2
1906434476,2
0486647250,2
1439110123,2
081297896X,2
097213560X,2
0060882425,2
0520214498,2
0123852412,2
0201484021,2
1402200455,2
1849517525,2
1450580599,2
0122063821,2
1449311520,2
0751536954,2
0312199066,2
0307264785,2
007124476X,2
0201882957,2
0385512058,2
1553655427,2
1567202640,2
0684859106,2
1562056506,2
0393344150,2
0806519606,2
0753817667,2
0963411047,2
0061936464,2
030740885X,2
0969419481,2
0201529831,2
071370909X,2
0452297192,2
0465029965,2
1439107955,2
0976376024,2
1118204123,2
0321112520,2
0131816292,2
0674016084,2
1601631391,2
0735710759,2
1933890517,2
0385472099,2
0805066195,2
4774133620,2
1118096142,2
0819571768,2
0983263302,2
0835605914,2
1931769249,2
0140511512,2
0198248547,2
1580052010,2
0133033899,2
1595910778,2
0684832402,2
1892925028,2
0735201374,2
1107002176,2
0201763907,2
0982955235,2
0764197541,2
1118176073,2
0820324183,2
0321246780,2
1841589071,2
1569245134,2
0195049454,2
1590309634,2
047173876X,2
0802143156,2
0130083968,2
0062273205,2
1400047625,2
0963810928,2
0916636003,2
1449357377,2
1453792996,2
0646458418,2
0195330447,2
0826414648,2
0964793857,2
0375760946,2
0132992477,2
0393026485,2
0345501128,2
1566194024,2
061861916X,2
0679750312,2
0307455777,2
2746071711,2
0976018616,2
0385479999,2
0805056688,2
0684841487,2
0691148198,2
0321445619,2
0240812255,2
1568360223,2
0199283273,2
0273712128,2
078615893X,2
0525952616,2
0143120611,2
0819522570,2
3540891846,2
0521520436,2
0387754490,2
0814742815,2
0131429019,2
354065058X,2
088385757X,2
1400137659,2
0671211293,2
1580087760,2
0198602243,2
1568584253,2
067443000X,2
0962959170,2
1573220256,2
0307338622,2
1857994027,2
014311543X,2
0471416177,2
1932740139,2
0321563212,2
0805057579,2
0394753666,2
188357708X,2
0749453346,2
1558212493,2
0672328682,2
0143120549,2
1591846285,2
061889425X,2
031206179X,2
1449334768,2
0321228111,2
015603297X,2
0201118890,2
0465016103,2
0815316194,2
0803217528,2
013476904X,2
0465031242,2
0385479425,2
1572245530,2
1593077521,2
0813338697,2
1416566112,2
0465011047,2
0060545690,2
0393332179,2
0471178071,2
0802135897,2
0762742399,2
0672324253,2
0123305950,2
0131550454,2
1451002165,2
0061960543,2
0071362363,2
1591843472,2
0792273737,2
0679755829,2
0321749642,2
0807001546,2
1593271190,2
1841690244,2
0307588696,2
0130224189,2
1608194965,2
0226469492,2
1400115639,2
1439127662,2
0521878586,2
0321693817,2
0199729883,2
0811217345,2
0387960988,2
0300107757,2
0743277465,2
1400077974,2
0201113716,2
087784691X,2
3832757368,2
1940363098,2
0132543869,2
0967513936,2
0684834316,2
0743298136,2
0785971289,2
1594488827,2
0521540518,2
0007350546,2
0465022723,2
1591846005,2
1847194141,2
0981034500,2
0073383090,2
0312658850,2
0874771862,2
0452009308,2
0141184744,2
0393339882,2
0201721481,2
0062503731,2
0131168983,2
0966398130,2
1617291412,2
0545010225,2
0887305164,2
0300096860,2
0123850037,2
1559502290,2
0006532365,2
1590598040,2
0385485581,2
0131495054,2
1413453767,2
0262660504,2
0826178456,2
0132392275,2
184668532X,2
0470490136,2
0387946187,2
0452298741,2
1441842233,2
0387322892,2
1476751684,2
0521741475,2
0140447601,2
1846140552,2
1452107203,2
1455523305,2
0684818620,2
0521679710,2
0684803356,2
0312420099,2
0553386794,2
0761143114,2
1416595244,2
097252990X,2
0307716899,2
0307450422,2
0470497025,2
0321496949,2
0470928085,2
1439170428,2
0811215040,2
1598131621,2
0262194945,2
1118026985,2
3642100198,2
0743226674,2
0252016955,2
052143064X,2
037550351X,2
0425166805,2
0789731096,2
0060933844,2
046501948X,2
0201502089,2
0743243560,2
0736038531,2
0117020516,2
1583484108,2
006210330X,2
3540665706,2
1568381298,2
052171916X,2
1118022513,2
0962477001,2
046508141X,2
0393324427,2
0060731338,2
1401911250,2
0030105676,2
1441145621,2
1118179803,2
0199541728,2
0142403873,2
1461471370,2
0415459524,2
0843174595,2
0817682821,2
0495603821,2
0066619785,2
0132662361,2
1594204756,2
0688030610,2
0898702208,2
0130895687,2
0812928350,2
007008209X,2
0750672625,2
0224079905,2
1576753158,2
0671035975,2
0307720748,2
0486432688,2
1478708123,2
1449330320,2
0821846345,2
0262612089,2
9814322709,2
1573928003,2
0873647386,2
1596981040,2
1452069859,2
0061246565,2
1591845564,2
0596007795,2
0452288525,2
0131411551,2
0393329593,2
1133104053,2
0975283847,2
0451232577,2
1403970424,2
097325386X,2
1420085921,2
0231105959,2
0452290082,2
0805057706,2
0143034928,2
0201745720,2
1588342735,2
0805092641,2
3642310451,2
386899369X,2
0982473931,2
1466579560,2
0312025599,2
0767920562,2
0262620294,2
0821399632,2
0967985684,2
097779539X,2
0385514344,2
0140284583,2
1581600259,2
1400060346,2
0486605868,2
1851686517,2
0201514591,2
0071472487,2
0321246756,2
0471710490,2
0470051418,2
160061972X,2
1409102041,2
0061537209,2
1596985283,2
0199552401,2
1250029627,2
0262680939,2
0470404140,2
1439112908,2
1619493918,2
0521368693,2
0684871084,2
0471457035,2
1451606273,2
0596008732,2
0893890820,2
1565292316,2
0520248198,2
1573922374,2
0912045566,2
069111384X,2
0307740986,2
014005751X,2
0671768956,2
0387001638,2
0805082409,2
1851688145,2
067233576X,2
1583332944,2
1875671196,2
1400034639,2
1578518768,2
0465029167,2
0691003548,2
156976526X,2
0140455523,2
038072572X,2
0415320100,2
0887306675,2
052136910X,2
0262640376,2
0394720245,2
1119990726,2
0307888169,2
1419709909,2
1455893498,2
1430232250,2
0805083049,2
0830614923,2
0312429142,2
0470481595,2
1590595378,2
3037781262,2
0786708468,2
0465016154,2
0375409807,2
1250007550,2
0671733354,2
020137921X,2
0981531644,2
0132624788,2
0340835044,2
0874042267,2
0767920104,2
0676973124,2
1455527475,2
0262661918,2
0544104404,2
0891419063,2
0760327548,2
1439171211,2
0691136424,2
1111820392,2
0615308902,2
1843104814,2
1585747718,2
0844231010,2
3642149081,2
1871082455,2
0915299313,2
0070703787,2
1559361948,2
0300101708,2
0198764057,2
0070394555,2
0099457865,2
1416577939,2
0679723005,2
0440507790,2
1572241985,2
1934356921,2
0874774241,2
140006743X,2
0262072475,2
0883856239,2
0062191497,2
1572301171,2
0807085839,2
0345327624,2
3442153034,2
159184259X,2
1401323243,2
0470643471,2
1570272425,2
0192801643,2
1565923545,2
0811875466,2
0816508992,2
1556155514,2
0916990222,2
067400339X,2
0123741378,2
0316182214,2
0394719689,2
1862075026,2
0130392308,2
1581602685,2
159327047X,2
0321117840,2
0123737273,2
1585422274,2
006099486X,2
0099505576,2
0974036919,2
0307275175,2
1580052584,2
0393060691,2
0521406501,2
0061627011,2
1118328078,2
048627263X,2
0471411256,2
1890132276,2
0345401026,2
146621550X,2
159139127X,2
0571205119,2
1617230049,2
1430309334,2
0132396556,2
0132199084,2
1579550088,2
0312890001,2
0393320308,2
0895553872,2
0465099009,2
0393327655,2
0321603508,2
0735710430,2
0399161309,2
0156031876,2
0520081153,2
0802146104,2
0497731908,2
0262240459,2
1863305955,2
034543076X,2
0805070893,2
1591843774,2
0672305070,2
1430219386,2
1590170636,2
0672326663,2
0838804381,2
0767905342,2
1610390938,2
0688048382,2
0262515199,2
0712658890,2
0140442103,2
0380726475,2
1934356603,2
1907590099,2
0521173329,2
0471543977,2
1416571760,2
0262518805,2
1449306578,2
1591846358,2
061815082X,2
0951679007,2
3540434917,2
1564148696,2
1439173249,2
0596156367,2
0824834402,2
0803959532,2
0674021797,2
0199928649,2
1898573859,2
0061978051,2
0596809484,2
0306813254,2
0262133989,2
1591845734,2
0387716750,2
046505434X,2
1594488894,2
1405106832,2
1569246297,2
1570627444,2
0387746404,2
0470682280,2
0262018284,2
081570304X,2
0691148902,2
0143113704,2
3438052199,2
0814799752,2
1558607838,2
0195121236,2
0452298504,2
0142437336,2
141653220X,2
1590172949,2
0688103804,2
0761313931,2
0935727299,2
0521796792,2
0199773556,2
0817635335,2
0898713617,2
0470553731,2
080701429X,2
0471093041,2
0393339289,2
1847946240,2
0387949860,2
006098872X,2
8499000606,2
0130388858,2
0345353617,2
0674063511,2
0930163125,2
0446561762,2
1400075998,2
1468093657,2
0316057835,2
0446694975,2
1846286913,2
0963488406,2
007229647X,2
1849058261,2
0521386322,2
0415289793,2
0465027261,2
0071597298,2
1400079292,2
1416502491,2
190543054X,2
1608191664,2
1591846919,2
0764500325,2
0814408648,2
1893554821,2
0201530821,2
1440511810,2
0156334607,2
0786714018,2
0700600922,2
0761104879,2
1439183201,2
0892812028,2
0470432063,2
1585102385,2
0743299795,2
0938665839,2
0330392638,2
0945999763,2
0072226013,2
1558749276,2
0618711686,2
0130144002,2
0062505521,2
0321687299,2
0553208845,2
0321278542,2
1449320295,2
1451611056,2
0975841947,2
0240808142,2
0813343585,2
0804011117,2
0131776010,2
1118185463,2
0803268572,2
098447000X,2
0070511144,2
1560258489,2
0316051888,2
071121963X,2
0802713319,2
0307743152,2
1847673376,2
0330450794,2
013919424X,2
1594630933,2
0316182206,2
0061914185,2
1440563624,2
1596910410,2
1563273055,2
0470474246,2
0765361205,2
0312427654,2
1492225614,2
0380792923,2
0764122967,2
0123748569,2
089385042X,2
055380488X,2
0143112708,2
0307387305,2
0670919535,2
0071740643,2
068487170X,2
4839927847,2
0262050935,2
0595088791,2
1584900199,2
044654082X,2
0099548887,2
1580538320,2
161382081X,2
1593271220,2
0070428077,2
0691135185,2
0743201299,2
0124058949,2
1568982828,2
1408703742,2
0060882867,2
0749386061,2
0307119408,2
1580624456,2
0975568612,2
0596100124,2
0071417583,2
019923356X,2
0316243981,2
0520081145,2
0520248368,2
0141034645,2
1607740109,2
1568812736,2
0345379187,2
0073375977,2
0201834545,2
1591843065,2
0674356616,2
8177588583,2
0670020710,2
0226817423,2
272880396X,2
1590282574,2
0898792088,2
0892819731,2
0231161166,2
1419705342,2
0970597029,2
1448659817,2
1439199388,2
0817638660,2
0471770892,2
0321603605,2
0684800012,2
0471381977,2
0060903252,2
0915297019,2
1897856296,2
0399157301,2
1452206120,2
0071481842,2
0307946495,2
1781682704,2
039333032X,2
0691003815,2
0131873210,2
0262071460,2
0141023015,2
0448421658,2
0201479486,2
0199975434,2
1449319793,2
076131394X,2
0521398320,2
0470424656,2
0911662057,2
3540600647,2
070450331X,2
0201656973,2
0970378416,2
0156148501,2
1558605967,2
0393047857,2
0471786764,2
1906659982,2
0321749855,2
0060892994,2
0300167849,2
0895793970,2
1449381650,2
1481144413,2
0226425924,2
1449311652,2
0538466464,2
0307338401,2
0517880857,2
0982280998,2
1449393683,2
0201608340,2
0486264866,2
111812250X,2
0205747469,2
0826479324,2
0674057724,2
2940373450,2
0195175719,2
0768002346,2
1559501944,2
0071597174,2
0201403757,2
0262560291,2
0374279128,2
0738201685,2
147111354X,2
0071608729,2
0452283078,2
0470390158,2
0712676090,2
0963488414,2
0745646670,2
1583334157,2
0971187304,2
0385529945,2
0131096532,2
0938151495,2
0938650726,2
1423901797,2
0739177532,2
0517540347,2
0137137478,2
159863528X,2
0684835509,2
068486214X,2
0061209198,2
0307353133,2
1930919506,2
1590599780,2
0201083191,2
0393325423,2
0521603250,2
1593272812,2
0879801107,2
0546867626,2
0831400447,2
0061210064,2
1907486453,2
1118517199,2
0974651710,2
0802457061,2
0415923360,2
0811215946,2
0262062178,2
0743203178,2
0393319555,2
0394703170,2
0596514557,2
0387849246,2
9035138635,2
032145345X,2
026202523X,2
0679736654,2
0307377903,2
014311235X,2
0226359271,2
0070511136,2
039916247X,2
0822053314,2
0262524406,2
0807061875,2
0596008279,2
0983504016,2
0954452992,2
0470405589,2
061891868X,2
1590597214,2
0470049456,2
0964890917,2
0393048136,2
0814731848,2
0749445122,2
1576759776,2
1406644269,2
0465045677,2
0671628186,2
0140145931,2
0821816462,2
0521195330,2
1563963582,2
0972652914,2
0071468293,2
0792239121,2
038720248X,2
0307717402,2
1422126730,2
019509395X,2
0387948686,2
0470497106,2
1597265632,2
303778105X,2
0672216515,2
1935212249,2
0070463387,2
1452652716,2
0596000278,2
1400077427,2
1466571144,2
1430243147,2
0486443604,2
055380703X,2
0486274721,2
020161569X,2
0470633719,2
0684844974,2
0071496661,2
1885167601,2
0486428753,2
0201304856,2
0711226547,2
0199892539,2
0201038048,2
0142000280,2
0198507178,2
0060974176,2
0307717089,2
0615509282,2
1441503501,2
0671009133,2
0806513500,2
157410103X,2
0452283043,2
0136068685,2
1594203288,2
0195167015,2
1449356265,2
0132383101,2
0062223224,2
1409724670,2
0307405168,2
1558604103,2
0312149786,2
1250038820,2
0486498123,2
0674004124,2
1846144922,2
4906574505,2
0060006641,2
8890403802,2
186046324X,2
0486683362,2
0571202284,2
0804737029,2
0691158304,2
0824835921,2
0061245593,2
0907791387,2
013603313X,2
1416569596,2
0716703319,2
0130305529,2
0071348360,2
1849694567,2
1477490086,2
1422162672,2
0307741206,2
0865680272,2
0312206828,2
0226254496,2
3540654100,2
0415312612,2
0201741571,2
1435458869,2
0131395319,2
1401301436,2
0571288510,2
0609809644,2
0130952494,2
0743235266,2
0813507251,2
193435662X,2
0071414290,2
0787102954,2
1449423450,2
0913035858,2
0262232278,2
0890897026,2
0374291357,2
086171380X,2
0201510596,2
1400095085,2
0375720677,2
0131988476,2
1936594676,2
0495114782,2
1401309682,2
0465002013,2
1841881007,2
0393003388,2
3540224947,2
0804835098,2
0060005688,2
0066210860,2
3540198784,2
1933633840,2
0898150523,2
0471720925,2
0300020600,2
0670026557,2
0983507902,2
0521427088,2
0316778494,2
0307396061,2
0060779691,2
0387950605,2
1408703998,2
0465079350,2
0262513625,2
1430219564,2
1416591060,2
0393239357,2
1492180742,2
1567614639,2
0201309750,2
0060935588,2
0894800523,2
0743203046,2
0760332398,2
0446583413,2
1402768257,2
0321958322,2
0071780289,2
0201144506,2
9810245688,2
0760321981,2
1594485755,2
0316907537,2
1439895856,2
0897501705,2
0984725113,2
1594626510,2
0201848406,2
0812963881,2
1118004574,2
0879801115,2
0132102927,2
0142005258,2
0321413091,2
0312611560,2
1556223471,2
0910707847,2
111800759X,2
0971786186,2
0307955885,2
0440508835,2
0679742441,2
0819567140,2
0023081112,2
1581804369,2
0385535651,2
0486457435,2
1456336975,2
1586489941,2
013938622X,2
0471738069,2
0672327457,2
1609803728,2
0471460672,2
159184357X,2
0865477728,2
0415477190,2
0345377966,2
047118439X,2
0631180338,2
9870563457,2
1563476967,2
1476716706,2
0979757622,2
0824810686,2
0307957136,2
052171978X,2
0807042196,2
0140144110,2
0141031484,2
0890092117,2
3897213184,2
0801475007,2
0618574581,2
1849513600,2
0300058705,2
0691090092,2
0061723762,2
1439153159,2
0201407191,2
0956399207,2
0394733118,2
0553384112,2
0262013398,2
073555787X,2
0446556084,2
0615404820,2
019507906X,2
0062731025,2
0525952667,2
0714844330,2
1455508381,2
0124077269,2
1597494860,2
0961392177,2
0307394360,2
0684864223,2
0471454036,2
3540238905,2
0120652021,2
0345349571,2
0387779930,2
0345457749,2
033039861X,2
1438432380,2
0061374997,2
0321776402,2
0393330303,2
8185931941,2
0983059101,2
1569971447,2
0765365073,2
0306818833,2
0393064719,2
1403315175,2
0262072750,2
0977087816,2
0062125354,2
189194407X,2
0312174918,2
0201633469,2
0861711629,2
0374523932,2
0671790617,2
1888363681,2
0470869895,2
047131515X,2
0764546546,2
0547750331,2
0132069512,2
0201314525,2
1592135463,2
1571338187,2
0930403657,2
0201362996,2
0131489062,2
1556151179,2
0486651134,2
0300169698,2
0451198808,2
0201361213,2
149363187X,2
052173911X,2
0972239723,2
0833030477,2
0066620732,2
0393038386,2
1619491648,2
0312187769,2
0964920506,2
1591024889,2
1591842158,2
0470529393,2
0230341721,2
1857883314,2
0803919190,2
1413305326,2
1595586431,2
0385507593,2
0132777428,2
0061767646,2
0899684491,2
1568810938,2
0201590654,2
0321490452,2
3540728767,2
012648550X,2
0738209570,2
076790818X,2
019850294X,2
0932376002,2
0446580260,2
8866130095,2
0465042260,2
0684814382,2
0966001966,2
0849310830,2
0300030797,2
0674076087,2
039700897X,2
0312195451,2
187873900X,2
0738204250,2
1590302893,2
0060928204,2
0321767349,2
0671872346,2
0060883286,2
0671675567,2
013034074X,2
1860744621,2
0596155409,2
1567501974,2
0385425074,2
0006483747,2
0521880076,2
0596102461,2
0415315271,2
1841953199,2
1469233029,2
1558760911,2
1596438274,2
1442201738,2
1848872313,2
0321958314,2
159740487X,2
0596513984,2
1573223077,2
1782160825,2
1560004088,2
0201624907,2
1591844509,2
1597802026,2
0307389979,2
053495166X,2
013121831X,2
0446692743,2
0915145693,2
0262572338,2
0547517653,2
0060149787,2
0816670382,2
1585425567,2
1449315178,2
1935182706,2
0874775043,2
0943029031,2
0071636102,2
1455523003,2
044654146X,2
1591845521,2
0691144877,2
0688160654,1
0201675196,1
1447672313,1
1612930131,1
1568984480,1
0470524235,1
0142408255,1
0135974445,1
0307742318,1
